method,layer,hidden_cosine
fp16_reference,all,1.0
vq_2bit_window_meta,0,1.0000014781951905
vq_2bit_window_meta,1,0.9321726441383362
vq_2bit_window_meta,2,0.8673568844795227
vq_2bit_window_meta,3,0.9650860905647278
vq_2bit_window_meta,4,0.9650259971618652
vq_2bit_window_meta,5,0.9649111986160278
vq_2bit_window_meta,6,0.9647543668746948
vq_2bit_window_meta,7,0.9646144509315491
vq_2bit_window_meta,8,0.9637335777282715
vq_2bit_window_meta,9,0.9634371042251587
vq_2bit_window_meta,10,0.9631174325942993
vq_2bit_window_meta,11,0.9625858783721923
vq_2bit_window_meta,12,0.9622134804725647
vq_2bit_window_meta,13,0.9613478899002075
vq_2bit_window_meta,14,0.9605766415596009
vq_2bit_window_meta,15,0.9593955397605896
vq_2bit_window_meta,16,0.9566290378570557
vq_2bit_window_meta,17,0.95313800573349
vq_2bit_window_meta,18,0.9476554036140442
vq_2bit_window_meta,19,0.9372259974479675
vq_2bit_window_meta,20,0.9216324090957642
vq_2bit_window_meta,21,0.9004141449928283
vq_2bit_window_meta,22,0.3010474681854248
ovq_2bit_window_meta,0,1.0000014781951905
ovq_2bit_window_meta,1,0.9666369199752808
ovq_2bit_window_meta,2,0.9202113032341004
ovq_2bit_window_meta,3,0.9793489694595336
ovq_2bit_window_meta,4,0.9793142199516296
ovq_2bit_window_meta,5,0.9792470574378968
ovq_2bit_window_meta,6,0.9791413903236389
ovq_2bit_window_meta,7,0.9790384411811829
ovq_2bit_window_meta,8,0.9784578442573547
ovq_2bit_window_meta,9,0.9782730460166931
ovq_2bit_window_meta,10,0.9780705094337463
ovq_2bit_window_meta,11,0.9777525186538696
ovq_2bit_window_meta,12,0.9775179266929627
ovq_2bit_window_meta,13,0.9770246624946595
ovq_2bit_window_meta,14,0.9765939712524414
ovq_2bit_window_meta,15,0.9759212017059327
ovq_2bit_window_meta,16,0.9744946241378785
ovq_2bit_window_meta,17,0.972424852848053
ovq_2bit_window_meta,18,0.9691659331321716
ovq_2bit_window_meta,19,0.963211464881897
ovq_2bit_window_meta,20,0.9542409658432007
ovq_2bit_window_meta,21,0.9414723157882691
ovq_2bit_window_meta,22,0.5520068049430847
ovq_2bit_group_meta,0,1.0000014781951905
ovq_2bit_group_meta,1,0.9666369199752808
ovq_2bit_group_meta,2,0.9202113032341004
ovq_2bit_group_meta,3,0.9793489694595336
ovq_2bit_group_meta,4,0.9793142199516296
ovq_2bit_group_meta,5,0.9792470574378968
ovq_2bit_group_meta,6,0.9791413903236389
ovq_2bit_group_meta,7,0.9790384411811829
ovq_2bit_group_meta,8,0.9784578442573547
ovq_2bit_group_meta,9,0.9782730460166931
ovq_2bit_group_meta,10,0.9780705094337463
ovq_2bit_group_meta,11,0.9777525186538696
ovq_2bit_group_meta,12,0.9775179266929627
ovq_2bit_group_meta,13,0.9770246624946595
ovq_2bit_group_meta,14,0.9765939712524414
ovq_2bit_group_meta,15,0.9759212017059327
ovq_2bit_group_meta,16,0.9744946241378785
ovq_2bit_group_meta,17,0.972424852848053
ovq_2bit_group_meta,18,0.9691659331321716
ovq_2bit_group_meta,19,0.963211464881897
ovq_2bit_group_meta,20,0.9542409658432007
ovq_2bit_group_meta,21,0.9414723157882691
ovq_2bit_group_meta,22,0.5520068049430847
mixed_ovq_top2_group_meta,0,1.0000014781951905
mixed_ovq_top2_group_meta,1,0.9666369199752808
mixed_ovq_top2_group_meta,2,0.9724522709846497
mixed_ovq_top2_group_meta,3,0.9792895436286926
mixed_ovq_top2_group_meta,4,0.9792840480804443
mixed_ovq_top2_group_meta,5,0.9792389392852783
mixed_ovq_top2_group_meta,6,0.9791667580604553
mixed_ovq_top2_group_meta,7,0.97909916639328
mixed_ovq_top2_group_meta,8,0.9785931587219239
mixed_ovq_top2_group_meta,9,0.9784517407417297
mixed_ovq_top2_group_meta,10,0.9782956719398499
mixed_ovq_top2_group_meta,11,0.9780663251876831
mixed_ovq_top2_group_meta,12,0.9778661608695984
mixed_ovq_top2_group_meta,13,0.977455449104309
mixed_ovq_top2_group_meta,14,0.9770712614059448
mixed_ovq_top2_group_meta,15,0.9764798521995545
mixed_ovq_top2_group_meta,16,0.9752709269523621
mixed_ovq_top2_group_meta,17,0.9735460042953491
mixed_ovq_top2_group_meta,18,0.9707666635513306
mixed_ovq_top2_group_meta,19,0.9657575130462647
mixed_ovq_top2_group_meta,20,0.957925307750702
mixed_ovq_top2_group_meta,21,0.9466950416564941
mixed_ovq_top2_group_meta,22,0.5808087468147278
mixed_ovq_top4_group_meta,0,1.0000014781951905
mixed_ovq_top4_group_meta,1,0.998959755897522
mixed_ovq_top4_group_meta,2,0.997258460521698
mixed_ovq_top4_group_meta,3,0.9793346166610718
mixed_ovq_top4_group_meta,4,0.9793342232704163
mixed_ovq_top4_group_meta,5,0.9792989611625671
mixed_ovq_top4_group_meta,6,0.979238760471344
mixed_ovq_top4_group_meta,7,0.9791870594024659
mixed_ovq_top4_group_meta,8,0.9787078857421875
mixed_ovq_top4_group_meta,9,0.9786396622657776
mixed_ovq_top4_group_meta,10,0.978511106967926
mixed_ovq_top4_group_meta,11,0.9783373355865479
mixed_ovq_top4_group_meta,12,0.9781696200370789
mixed_ovq_top4_group_meta,13,0.9778214693069458
mixed_ovq_top4_group_meta,14,0.9774965047836304
mixed_ovq_top4_group_meta,15,0.9769888877868652
mixed_ovq_top4_group_meta,16,0.9759559392929077
mixed_ovq_top4_group_meta,17,0.9745330810546875
mixed_ovq_top4_group_meta,18,0.9721893906593323
mixed_ovq_top4_group_meta,19,0.9680394172668457
mixed_ovq_top4_group_meta,20,0.9612979292869568
mixed_ovq_top4_group_meta,21,0.9515382051467896
mixed_ovq_top4_group_meta,22,0.6268518328666687
